{"cameraMode":{"drawMode":0,"name":"Shaded","section":"Shading Mode"},"sceneLighting":false,"audioPlay":false,"sceneViewState":{"m_AlwaysRefresh":false,"showFog":true,"showSkybox":true,"showFlares":true,"showImageEffects":true,"showParticleSystems":true,"showVisualEffectGraphs":true,"m_FxEnabled":true},"in2DMode":false,"pivot":{"x":-2.6019155979156496,"y":2.034162759780884,"z":-14.412022590637207},"rotation":{"x":0.016634417697787286,"y":-0.7921265959739685,"z":0.021656537428498269,"w":0.6098453402519226},"size":1.3827084302902222,"orthographic":false}