{"cameraMode":{"drawMode":0,"name":"Shaded","section":"Shading Mode"},"sceneLighting":false,"audioPlay":false,"sceneViewState":{"m_AlwaysRefresh":false,"showFog":true,"showSkybox":true,"showFlares":true,"showImageEffects":true,"showParticleSystems":true,"showVisualEffectGraphs":true,"m_FxEnabled":true},"in2DMode":false,"pivot":{"x":-4.8129682540893559,"y":24.323820114135743,"z":-41.3132209777832},"rotation":{"x":0.38442376255989077,"y":-0.03449321538209915,"z":0.014554801397025586,"w":0.9225844740867615},"size":1.3633078336715699,"orthographic":false}